"","Topic 1","Topic 2","Topic 3","Topic 4","Topic 5","Topic 6","Topic 7","Topic 8","Topic 9","Topic 10"
"1","com","run","default","build","can","java","debug","file","name","lib"
"2","strong","container","ssh","test","like","org","server","install","file","gems"
"3","http","image","config","git","use","hudson","service","usr","user","ruby"
"4","https","app","machine","project","one","apache","error","amp","server","deploy"
"5","href","running","ubuntu","job","way","maven","master","bin","php","set"
"6","rel","using","host","version","want","info","client","line","var","home"
"7","nofollow","command","box","plugin","need","run","node","local","mysql","opt"
"8","github","start","virtualbox","repository","will","jar","api","error","log","end"
"9","blockquote","web","network","files","know","error","instance","root","nginx","app"
"10","stack","get","key","tests","just","plugins","port","node","etc","action"
"11","get","containers","windows","jobs","dont","core","name","python","www","run"
"12","using","create","folder","using","different","plugin","type","get","password","rvm"
"13","src","can","end","workspace","something","execute","tcp","module","data","rails"
"14","docs","compose","error","repo","server","model","status","package","conf","embedded"
"15","example","application","virtual","configuration","possible","lang","info","apt","set","bin"
