cucumber-jvm,413,26
cucumberjs,163,3
cuda,9324,8
cuke4duke,4,1
cunit,336,14
cups,210,3
curator,113,2
curb,111,2
curl,24121,207
cursor,8831,7
cursors,126,1
custom-action,787,1
custom-build-step,51,2
custom-controls,3347,1
custom-fields,1371,1
custom-lists,293,1
custom-post-type,1648,1
custom-routes,155,1
custom-type,91,5
customer,137,1
customization,2930,9
cvs,2117,29
cvsnt,32,2
cwrsync,29,3
cx-freeze,729,1
cx-oracle,388,1
cxf,4035,9
cxf-codegen-plugin,47,2
cyanogenmod,270,2
cycle,9914,6
cyclomatic-complexity,156,4
cygpath,23,3
cygwin,5323,65
cypher,3400,3
cython,1866,2
d3.js,19143,17
daemon,2019,46
daemons,103,3
dagger-2,320,1
dalekjs,83,1
dalli,122,2
dalvik,872,1
dancer,184,2
dart,5832,24
dart-editor,195,1
dart-pub,264,2
darwin,182,1
dashboard,1089,26
dashdb,46,4
dashing,181,7
cronexpression,243,5
crontab,2353,36
cross-browser,7284,3
cross-compiling,2179,9
cross-database,52,1
cross-domain,4554,7
cross-platform,3776,7
cross-reference,140,1
crossbar,77,1
crouton-os,19,1
crowd,109,4
crt,845,1
crud,1990,3
cruisecontrol,1615,27
cruisecontrol.net,1363,13
cruisecontrol.rb,22,3
crypt,28765,85
cryptography,7021,7
cryptojs,313,1
crystal-reports,9587,2
csh,2809,7
csp,1109,1
csproj,381,1
csrf,2383,10
csrf-protection,338,3
css,396113,278
css-animations,2375,2
css-float,4818,2
css-position,3316,3
css-selectors,7034,2
css-shapes,1163,1
css-sprites,770,1
css3,50351,16
csslint,50,5
cstring,790,2
cstringio,18,1
csv,34423,54
csvtoarray,3,1
ctags,535,2
ctest,1044,13
ctl,1664,17
ctrl,679,2
ctrlp,61,1
cts,17941,50
cuba,10,1
cubism.js,87,1
cubrid,11,1
cucumber,4814,151
cucumber-java,47,1
cucumber-junit,102,3
