entry-point,205,3
enums,11171,1
env,14182,648
environment,7825,396
environment-variables,4158,227
environments,109,7
envjs,24,1
envoy,32,2
enzyme,9,0
eof,5624,8
eoferror,56,1
eol,8301,6
epel,21,3
epiphany,14,0
episerver,422,1
epoch,553,2
epoll,428,1
epub,737,1
equality,1461,1
equals,2142,1
equation,1747,1
equinox,487,3
erb,11058,80
erd,5421,15
erlang,6225,19
errai,467,1
errbit,15,1
error-code,297,1
error-handling,11729,23
error-log,703,3
error-logging,483,2
errorlevel,130,3
erubis,22,1
eruby,120,9
es6-promise,354,1
es6-shim,6,1
esapi,143,2
esb,4131,4
escalante,6,2
escaping,5433,14
esi,96024,72
eslint,186,2
esoteric-languages,47,1
esp8266,186,1
espn,36,1
espresso,755,8
esprima,24,1
esprima.js,7,1
esx,967,6
esxi,211,4
embedded-resource,1360,0
embedded-ruby,43,1
embedded-server,9,1
embedded-tomcat-7,124,1
embedded-tomcat-8,58,1
embedding,796,1
ember-addon,31,1
ember-cli,2227,15
ember-cli-rails,7,1
ember-data,4396,3
ember-rails,79,1
ember.js,18191,35
emboss,22,1
emc,6632,59
emma,528,26
emoji,667,2
emotion,113,1
emr,1465,18
emscripten,309,2
emulation,387,0
emulator,10680,59
encapsulation,1245,3
encode,4080,5
encoding,24798,51
encryption,21113,54
end-of-line,83,2
end-to-end,303,3
endeca,122,1
endeca-workbench,15,1
endpoint,2614,12
engineyard,102,14
enide,43,1
enterprise,4517,163
enterprise-library,1613,24
enterprise-library-5,148,2
enterprisedb,32,0
enthought,735,3
entitlements,267,1
entity,81515,46
entity-framework,67383,32
entity-framework-4,10355,4
entity-framework-4.1,2962,2
entity-framework-5,3830,1
entity-framework-6,4982,1
entity-framework-core,591,2
entity-relationship,1847,2
entityframework.extended,7,1
entitymanager,1192,2
entropy,284,1
entry,1398,9
