remote-access,1688,39
remote-backup,49,1
remote-connection,99,1
remote-debugging,1401,29
remote-desktop,916,4
remote-execution,49,1
remote-registry,41,1
remote-server,912,21
remoteapi,49,8
remotecommand,29,1
remotewebdriver,140,7
remoting,1782,6
removeall,181,1
rename,3286,3
render,10786,8
rendering,4496,1
repeater,2527,1
repeating,458,1
replace,19938,11
replicaset,150,8
replication,3491,26
repo,76594,177
report,41176,80
reporting,17932,21
reporting-services,14761,4
reportlab,594,1
reportng,47,4
repository,7491,80
repository-design,67,1
repository-pattern,2203,2
reproducible-research,43,0
request,32748,91
requestfactory,432,1
requests-per-second,11,1
require,9786,27
requirejs,6325,9
requirements,501,8
requirements.txt,61,3
reserved-words,219,1
reset,2130,5
resharper,3625,2
resin,157,1
resize,8207,6
resolution,3746,7
resolve,1438,7
resource-cleanup,112,1
resource-files,177,1
resource-id,32,1
resource-management,97,2
resourcebundle,575,1
