dnu,122,3
dnvm,66,1
dnx,584,7
dnx50,37,1
do-while,1171,1
docbook,309,1
docco,22,1
dock,11386,9921
docker,10110,9919
docker-api,6,6
docker-build,8,8
docker-cloud,0,0
docker-compose,733,732
docker-container,0,0
docker-datacenter,1,1
docker-engine,0,0
docker-image,12,12
docker-java,0,0
docker-machine,231,230
docker-networking,20,20
docker-onbuild,1,1
docker-port,5,5
docker-registry,283,281
docker-swarm,78,76
docker-toolbox,31,31
docker-ucp,1,1
docker-volume,11,11
dockerfile,705,701
dockerhub,243,243
dockerpy,36,36
doclet,95,1
docpad,254,2
doctest,210,1
doctrine,17041,57
doctrine-extensions,109,1
doctrine-mongodb,53,1
doctrine-uploadable,6,1
doctrine2,11567,42
doctype,958,1
document,17868,26
document-root,256,4
documentation,6485,16
documentation-generation,660,5
documents,406,2
docx,1737,5
docx4j,481,3
doh,34,2
dojo,8541,6
dokku,187,56
dokku-alt,7,2
