punjab,20,0
puphpet,143,129
puppet,2322,2246
puppet-3,0,0
puppet-enterprise,101,96
puppetlabs-apache,51,50
puppetlabs-aws,3,3
puppetlabs-mysql,14,14
pure-virtual,284,1
pureftpd,22,2
push,18320,78
push-notification,11601,32
pushstate,504,1
put,55225,340
puts,6411,13
putty,1334,25
puzzle,880,2
pvcs,36,1
pwd,82,3
py.test,898,24
py2exe,1230,1
py2neo,302,2
pyaudio,240,1
pyautogui,39,1
pycaffe,79,0
pycharm,2731,64
pychef,7,7
pycrypto,448,2
pycurl,341,2
pydev,1899,4
pydio,47,1
pyenv,41,3
pygame,5337,10
pygit2,43,0
pygments,169,1
pygobject,406,1
pyinotify,60,1
pyinstaller,881,1
pyjwt,1,1
pylint,422,13
pylons,812,1
pymongo,2185,16
pyodbc,884,4
pyopenssl,144,2
pypdf,204,1
pypi,416,5
pypy,424,2
pyqt,9031,7
pyqt4,3546,1
pyqt5,592,3
