powershell-v5.0,74,1
ppapi,68,1
ppc,5584,26
pptp,76,2
prawn,543,3
pre,232447,786
pre-build-event,113,1
pre-commit,333,2
pre-commit-hook,244,1
pre-compilation,58,1
prebuild,55,2
precompile,747,17
precompile-assets,6,4
precompiled,413,1
precompiling,13,2
prediction,982,4
predictionio,81,2
preferences,6487,4
prefix,1095,1
preg-match,4925,2
preg-replace,4366,2
preloader,642,1
premake,97,1
prepare,3797,1
preprocessor,4823,1
prerender,208,1
prerequisites,216,1
pressflow,16,0
prestashop,2960,13
prestashop-1.5,316,2
prestashop-1.6,781,6
pretty-print,612,1
prettyfaces,212,2
prettytable,12,1
preview,1532,1
primary-key,3272,2
prime-factoring,248,1
primefaces,14354,39
primefaces-extensions,178,1
primes,1649,3
prims-algorithm,109,1
printer-control-language,165,1
printf,5076,4
printing,14081,8
priority-queue,1230,1
prismatic-schema,21,0
privacy,572,1
private,3797,32
private-key,667,11
private-network,13,5
portal,1216,3
portfolio,301,1
portforwarding,571,80
portia,43,7
porting,18983,23
portlet,1784,4
ports,18925,27
position,14060,10
positioning,2516,2
posix,3783,2
posixct,340,0
post,92694,758
post-build,394,25
post-build-event,334,12
post-commit,280,17
post-commit-hook,112,10
post-update,28,1
postback,3000,2
poster,102,1
postfix-mta,885,13
postfix-notation,357,1
postgis,1775,20
postgres-fdw,15,1
postgres-plus,5,0
postgresql,52135,620
postgresql-8.4,332,1
postgresql-9.0,91,2
postgresql-9.1,1372,10
postgresql-9.2,884,8
postgresql-9.3,981,6
postgresql-9.4,326,5
postgresql-9.5,59,0
postgresql-initdb,2,1
postman,516,5
postsharp,616,1
pow,42463,233
pow.cx,4,1
powercli,190,1
powermock,1096,7
powermockito,190,1
powerpc,330,1
powerpoint,3291,1
powershell,33300,216
powershell-ise,302,2
powershell-jobs,14,1
powershell-remoting,495,4
powershell-v1.0,117,2
powershell-v2.0,2795,11
powershell-v3.0,1670,6
powershell-v4.0,425,5
plist,4245,11
plone,2605,12
plone-3.x,49,1
plone-4.x,150,1
plot,46431,26
plotly,366,0
plsql,12749,11
plsqldeveloper,752,1
plugin-architecture,42,1
plugins,38448,2598
plunker,113,1
plupload,547,1
plv8,22,1
pm2,251,9
pmd,632,36
png,4651,3
poco-libraries,350,1
pod,4513,33
point,93760,66
point-cloud-library,556,1
point-clouds,337,1
pointers,33341,10
pojo,878,4
polarion,11,1
policy,2392,8
polipo,10,1
polling,1785,15
poltergeist,324,6
polyglot,58,1
polygon,2614,1
polymer,5654,8
polymer-1.0,1280,2
polymer-starter-kit,97,1
polymorphic-associations,940,1
polymorphism,5555,1
polynomial-math,435,3
pom.xml,2030,86
ponyorm,24,1
pool,7539,11
pooling,2178,8
popen,1306,8
popover,3131,1
poppler,98,1
populate,933,1
popup,10407,3
popupwindow,1255,1
port,96232,391
port-number,43,0
portability,1078,2
portable-class-library,967,1
