objectanimator,199,1
objectcache,20,1
objectify,858,7
objective-c,254843,150
objective-c-blocks,2308,2
observablecollection,1938,2
observablelist,110,1
observers,519,1
ocaml,3685,1
occi,87,1
oci8,182,5
ocl,2139,19
oclint,31,5
ocmock,446,1
ocr,2585,3
octave,2367,1
octobercms,107,3
octopress,342,1
octopus,272,5
octopus-deploy,236,4
ocunit,267,8
odata,4536,5
odata-v4,89,1
odb,73708,586
odbc,6491,13
ode,451097,2627
odf,128,1
odm,530,2
odoo,1908,12
odoo-8,860,0
odoo-9,122,3
odroid,4327,9
ofbiz,210,2
office-interop,2036,0
office365,2410,2
offline,2133,12
offline-caching,394,6
offline-mode,153,1
offlineapps,215,1
ogg,29754,227
oh-my-zsh,189,6
ohai-gem,18,17
ojdbc,203,3
okhttp,779,3
okhttp3,71,0
okta,119,2
ole-automation,64,1
omake,806,1
omniauth,1993,11
omnifaces,385,4
nsrunningapplication,28,1
nsscanner,132,1
nssm,13,0
nsstream,300,1
nsstring,6566,2
nstask,380,1
nsurlcache,214,2
nsurlconnection,2977,4
nsurlrequest,917,1
nsurlsession,1351,2
nsuserdefaults,2507,2
nsxml,1350,1
nsxmlelement,28,1
nsxmlparser,1245,1
ntfs,637,1
ntlm,844,2
ntp,4068,8
nuclide-editor,7,0
nuget,4552,32
nuget-package,1304,9
nuget-package-restore,217,7
nuget-server,157,1
null,23623,36
nullpointerexception,9841,21
nullreferenceexception,1893,1
numa,149,1
numactl,9,1
numberformatexception,429,1
numbers,7743,12
numerical-methods,752,2
numpy,23495,15
nunit,4318,86
nunit-2.5.9,26,1
nunit-3.0,50,3
nunit-console,105,11
nupic,31,2
nuspec,81,1
nutch,1096,3
nvidia,1453,6
nvidia-digits,7,1
nvm,353,9
nxlog,52,1
oauth,23794,62
oauth-2.0,7957,18
oauth2,1281,6
ob-start,139,2
object,302578,186
object-database,64,1
object-persistence,137,1
object-storage,9,4
nokogiri,2736,27
nomethoderror,400,5
nominatim,76,1
non-ascii-characters,530,1
non-interactive,47,1
nonce,127,1
nonetype,315,1
noop,109,1
nose,1028,33
nose-gae,7,2
nose2,17,1
nosetests,435,18
nosql,6664,14
nosuchmethoderror,315,2
notifications,15274,49
notify,2795,14
notifydatasetchanged,290,1
notifyicon,267,1
notnull,138,2
nova-scheduler,2,2
novaclient,16,12
novnc,8,2
np-complete,213,1
npm,7518,231
npm-install,140,5
npm-shrinkwrap,15,0
nrepl,55,1
nrpe,66,5
ns-3,163,0
nsarray,5172,2
nscache,102,1
nscoding,620,1
nsdata,2065,2
nsdictionary,3374,2
nsenter,8,4
nsfetchedresultscontrolle,1858,2
nsfilemanager,1004,2
nsincrementalstore,14,1
nsis,2149,4
nskeyedarchiver,385,3
nsmutablearray,4887,1
nsmutabledictionary,1122,3
nsmutableurlrequest,321,1
nsobject,694,1
nsolid,76,1
nsoperation,1267,1
nsoperationqueue,818,1
nspredicate,2221,1
nsq,52,4
nsregularexpression,458,1
