fiware,676,38
firefox,31110,92
fileshare,100,1
firefox-driver,12,1
fine-uploader,685,4
firebase-security,530,0
filezilla,395,4
firebase-database,94,1
filterattribute,172,1
fire-and-forget,35,1
find,10764,57
findstr,341,1
fingerprinting,153,4
firebase-tools,10,0
filepath,1451,5
findbugs,722,47
filereader,1320,1
filechannel,131,1
firewall,1736,34
filesize,862,1
filewriter,662,3
final,2138,1
firefox4,180,1
fitnesse-slim,95,1
fileserver,134,4
fitnesse,538,11
firemonkey,1717,1
fish,9675,98
filenotfoundexception,999,7
filestream,1952,3
fiware-glancesync,5,1
fileset,92,4
filenames,2390,2
fiware-cygnus,124,5
firebase,5753,7
fips,179,1
fileparsing,96,1
fingerprint,726,6
filesystems,5705,36
filesystemobject,188,1
firebird,1981,1
firewalld,6,0
finagle,94,1
filter,24525,42
first-responder,315,1
firefox-addon,6252,1
firebug,2672,1
fileinputstream,696,3
firebase-authentication,209,0
fileoutputstream,662,2
