fancybox,5255,3
facebook-page,969,3
faker,146,1
favicon,910,1
fatal-error,1271,7
failovercluster,69,2
facebook-payment-dialog,7,1
facebook-javascript-sdk,3995,2
faraday,137,3
factory-method,107,1
fbo,3057,6
facebook-graph-api,27322,25
farseer,153,1
facebook-fql,3077,1
facebook-ios-sdk,1589,4
facebook-sdk-3.0,382,2
faye,336,6
facebook-php-sdk,2998,1
faceted-search,429,1
fastlane,48,2
factory,7773,255
factory-boy,82,1
failed-installation,321,7
facebook-like,3689,2
facebook-login,1836,1
fastcgi,1565,16
fasterxml,147,2
fade,3552,2
fancybox-2,1185,2
factorial,609,4
facet-wrap,122,1
fast-forward,60,1
facelets,1728,5
fastercsv,162,2
facebook-opengraph,1973,4
factory-pattern,896,4
facebooker2,41,1
factories,97,1
factory-girl,1952,12
feature-branch,69,3
fault,15790,33
failover,523,9
facebooker,142,3
fastcgi-mono-server,26,1
fault-tolerance,156,4
fail2ban,58,4
fallback,307,1
faces-config,127,2
fact,15680,362
facter,48,40
