shader,4537,3
shake-build-system,50,1
shallow-clone,26,2
shapefile,663,1
shapeless,451,1
sharding,939,3
share,49384,93
shared,15240,61
shared-folders,192,17
shared-host,906,13
shared-hosting,898,12
shared-libraries,4341,15
shared-memory,1792,5
shared-ptr,1805,1
shared-secret,29,1
sharedpreferences,4342,3
sharejs,12,1
sharekit,480,1
sharepoint,28234,9
sharepoint-2010,8433,1
sharing,1838,5
sharpziplib,207,2
shell,86283,1000
shell-exec,648,3
shellexecute,438,1
siebel,222,1
sieve,386,3
sieve-of-eratosthenes,274,1
sigabrt,564,4
sightly,135,1
sign,117510,140
signalr,4748,5
signalr.client,423,1
signals,5704,12
signature,3141,5
significant-terms,8,1
signtool,147,3
sigsegv,542,15
sigterm,93,4
sikuli,485,11
sikuli-script,44,1
silent,454,6
silent-installer,193,5
silex,1030,6
silktest,77,1
silverlight,32252,10
silverlight-4.0,5319,2
silverstripe,1249,5
simctl,7,1
similarity,1046,1
single-sign-on,3639,11
singleton,5626,5
sinon,837,1
sinopia,13,1
sip,2725,5
site-prism,61,2
sitebricks,35,1
sitecore,4812,4
sitecore-instance-manager,8,1
sitecore7.2,296,1
size,20686,18
size-t,204,1
sizing,1748,3
sjsxp,2,1
skeleton-code,40,1
skeleton-css-boilerplate,143,1
skflow,41,1
skip,622,4
skipper,54,1
skydns,17,15
skydock,1,1
skype,1064,3
slack,450,12
slack-api,290,7
slackware,63,1
smarty,3650,3
smb,406,8
sml,1329,1
smlnj,501,1
smo,3521,8
smoke-testing,32,2
smooth-scrolling,544,2
smpp,332,1
sms,9167,3
sms-gateway,502,1
smtp,7843,37
snakeyaml,128,1
snap-framework,200,2
snappy,148,1
snapshot,886,25
snapshot-view,12,1
sni,3126,16
snmp,1755,2
snmpd,74,1
snort,176,2
snowball,57,1
snowplow,12,1
soa,26090,97
soap,24421,82
soap-client,1308,2
soapui,2342,48
solidworks,143,1
solr,14358,73
solrcloud,484,3
solrnet,508,2
solution,5729,12
solver,1465,2
sonar-maven-plugin,14,6
sonar-runner,575,98
sonarlint,94,2
sonarlint-eclipse,17,1
sonarqube,4886,793
sonarqube-4.5,170,33
sonarqube-5.0,135,21
sonarqube-5.5,15,3
sonarqube-msbuild-runner,76,8
sonarqube-ops,40,7
sonarqube-scan,73,22
sonarqube-web,74,2
sonarqube5.1,256,47
sonarqube5.1.2,35,5
sonarqube5.2,50,3
sonarqube5.3,81,7
sonarqube5.6,4,1
sonata-user-bundle,171,1
sonatype,226,12
theory,6583,5
therubyracer,94,9
thin,3647,68
thin-client,44,1
thinking-sphinx,818,26
this,4275,2
thor,7338,45
thoughtworks-go,26,2
thread-safety,5994,8
thread-synchronization,279,1
threadpool,2995,1
three.js,8691,2
threetenbp,20,1
threshold,371,1
thrift,1390,7
throttle,133,1
throttling,425,3
throughput,209,1
thruway,16,1
thucydides,83,8
thumbnails,2613,4
thymeleaf,1693,2
tibco,636,2
tibco-ems,163,1
tidy,830,2
testcomplete,305,6
testdriven.net,118,1
testdroid,18,1
testem,35,1
testfairy,19,1
testflight,1058,20
testing,72375,924
testing-strategies,40,1
testlink,131,21
testng,3754,182
testng-dataprovider,122,3
testng-eclipse,49,2
testr,336,2
testrail,17,1
testunit,324,4
texas-instruments,179,1
text,138892,107
text-align,740,2
text-alignment,462,1
text-editor,2100,5
text-extraction,449,1
text-files,3894,1
text-mining,1033,1
text-processing,821,2
text-size,203,1
team,8032,107
team-build,364,1
teamcity,4079,69
teamcity-7.0,123,2
teamcity-8.0,216,3
teamcity-9.0,232,4
teamforge,7,2
teamsite,55,1
teamviewer,41,1
teardown,38,1
teaspoon,31,2
technical-debt,42,1
tee,2955,13
telegram-bot,384,6
telemetry,33,1
telepat,12,1
telerik,9014,4
telerik-mvc,883,1
telerik-reporting,266,2
telerik-test-studio,28,1
telnet,1743,8
temp,57492,138
template-engine,1371,6
templates,42359,95
templating,1007,2
tabcontainer,194,1
table,165222,167
tablecellrenderer,392,2
tablesorter,1530,1
tablespace,167,1
tabletools,171,1
tableview,52335,21
tabnavigator,43,1
tabs,13266,7
tabular,463,2
tachyon,33,1
taco,2936,1
tagbar,23,1
tagging,931,12
taglib,896,2
taglist,57,1
tags,11735,48
tail,3567,15
talend,968,2
tampermonkey,440,1
tap,8323,22
tap-harness,12,4
tapestry,829,1
tar,23612,157
tarfile,80,1
symfony-2.3,705,7
symfony-2.6,145,1
symfony-2.7,158,1
symfony-2.8,101,2
symfony-components,55,1
symfony-forms,1469,2
symfony-process,50,1
symfony-sonata,462,1
symfony1,4011,9
symfony2,40713,342
symfony3,1110,16
symlink,1405,61
symlink-traversal,22,1
sympy,1065,1
sync,55761,176
synced-folder,4,4
synchronization,7153,18
synchronize,1484,5
synchronized,1189,1
synctool,1,1
synology,140,6
syntastic,166,4
syntax,21777,43
syntax-error,4827,15
syntax-highlighting,2579,4
