select2,2609,5
select2-rails,87,2
selectedindexchanged,253,1
selectnodes,80,1
selectonemenu,567,2
selector,18958,3
selendroid,202,1
selenide,29,2
selenium,38616,907
selenium-chromedriver,1214,47
selenium-firefoxdriver,230,3
selenium-grid,847,73
selenium-grid2,88,10
selenium-ide,1480,12
selenium-rc,1355,20
selenium-server,39,1
selenium-webdriver,16081,268
self-host,510,3
self-hosting,437,2
self-join,617,1
self-modifying,106,2
self-reference,354,1
self-signed,417,5
selinux,268,23
semantic-ui,808,1
