stackdriver,29,5
stackexchange.redis,328,2
staf,100,1
stage,1161,6
stagewebview,75,1
stagewebviewbridge,14,1
staging,347,21
standards,3046,2
standards-compliance,294,1
stanford-nlp,1686,6
starcounter,11,1
stardog,43,2
start-job,83,1
start-process,87,3
start-stop-daemon,65,3
starteam,124,7
starttls,124,1
startup,2018,15
stat,95515,268
stata,1962,3
statamic,8,1
state,49755,46
stateful-session-bean,100,2
stateless,462,2
states,342,1
stdout,2502,14
stealjs,24,1
steam,705,2
steambot,55,1
stemming,292,1
sticky,1411,2
sticky-footer,593,1
stimulsoft,159,1
stl,22454,49
stomp,740,5
stop-words,284,2
storage,17985,123
store,52592,68
stored-procedures,22581,3
stormpath,150,3
storyboard,10513,1
str-replace,1597,1
strace,356,4
stratio,4886,52
stream,48276,94
streaming,14852,37
streamreader,1456,3
streamwriter,985,2
stress,538,5
stress-testing,468,4
struts2-json-plugin,102,1
stty,60,1
stub,956,1
stun,601,8
stunnel,98,2
stxxl,48,1
stylecop,479,11
styles,9527,5
stylesheet,2539,3
styling,1283,1
stylus,564,1
su,320339,1011
suave,25,1
sub-array,79,1
subcommand,15,1
subdirectory,572,4
subdirs,18,1
subdomain,4113,27
subdomains,534,2
subfolder,625,1
subject,105,1
sublime-text-plugin,423,1
sublimelinter,134,1
sublimetext,7055,37
sublimetext2,3862,17
