transformation,2049,3
transient,295,1
transifex,12,1
transitive-dependency,94,1
translate-animation,321,1
translation,3552,6
transliteration,162,1
transmission,134,2
transmission-daemon,5,1
transparent,1508,1
traversal,2152,3
travis-ci,1697,135
treasure-data,5,1
tree,41452,41
treemap,851,2
treeset,354,1
treetop,75,1
treeview,7668,2
trend,376,2
trie,1828,9
trigger.io,700,1
triggers,11131,44
trinidad,212,1
triplestore,165,1
triton,7,2
truecrypt,79,1
truncation,191,1
trunk,137,4
trx,30,1
try-catch,4669,4
tsc,5738,13
tshark,200,1
tslint,66,1
tsql,39166,3
tsung,132,2
ttl,3572,29
tty,12374,151
tuckey-urlrewrite-filter,214,1
tuleap,81,2
tumblr,1869,4
tun,7655,44
tunnel,900,28
tunneling,223,5
tuples,4385,1
turbine,61,3
turbolinks,473,4
tutum,20,16
tween,1698,1
tweetsharp,219,1
twemproxy,26,2
twig,5399,18
twig-extension,80,1
twilio,2596,7
twill,73,1
twirl,63,1
twistd,37,1
twisted,2717,13
twisted.web,150,1
twitter,94688,155
twitter-bootstrap,73743,111
twitter-bootstrap-3,14316,12
twitter-bootstrap-rails,197,6
twitter-fabric,157,1
twitter-oauth,2116,1
two-factor-authentication,139,3
tycho,522,33
tycho-surefire-plugin,30,3
type-conversion,6256,2
type-hinting,232,2
typeerror,2056,7
types,33489,48
typesafe,627,15
typesafe-activator,348,11
typesafe-config,73,1
typesafe-stack,78,2
typescript,11501,18
typhoeus,75,1
typo3,3739,9
typo3-4.5,63,1
typo3-6.2.x,511,2
typo3-flow,103,1
typo3-neos,74,2
tyrus,93,3
u-boot,395,1
uac,1220,4
uber-api,219,1
uberjar,87,2
uberspace,4,1
uberspacify,1,1
ubuntu,37195,2005
ubuntu-10.04,720,17
ubuntu-10.10,196,1
ubuntu-11.04,316,11
ubuntu-11.10,266,4
ubuntu-12.04,2802,143
ubuntu-12.10,130,3
ubuntu-13.04,56,2
ubuntu-13.10,207,6
ubuntu-14.04,3584,275
ubuntu-14.10,46,5
ubuntu-15.04,147,11
ubuntu-15.10,111,6
ubuntu-16.04,123,8
ubuntu-cloud,3,1
ubuntu-on-windows,23,1
ubuntu-server,309,15
ucd,17,2
ucp,43,7
udeploy,13,3
udev,306,3
udf,4263,231
udid,318,1
udp,6788,20
uefi,144,1
ufw,15,5
uglifyjs,466,2
ui-automation,2041,27
ui-testing,847,15
uiapplicationdelegate,459,1
uiautomator,448,1
uibackgroundtask,49,1
uibutton,8276,3
uicollectionview,6931,7
uicollectionviewcell,2015,4
uid,10435,21
uigesturerecognizer,2760,1
uiimage,17085,8
uiimageview,8484,1
uiinclude,74,1
uikit,5764,1
uinavigationcontroller,8557,1
uipageviewcontroller,1430,2
uipickerview,2529,5
uipickerviewcontroller,74,1
uiscrollview,10064,4
uitableview,45780,20
uitextfield,5947,2
uiview,26597,7
uiviewanimation,1517,1
uiviewanimationtransition,325,1
uiviewcontroller,12636,4
uiwebview,9635,2
ulimit,184,15
ultraedit,78,1
umask,88,6
umbraco,3386,2
uml,4462,4
uname,34,1
unauthorized,322,4
unauthorizedaccessexcepti,103,1
unbuffered-output,10,1
unc,86402,96
uncaught-exception,220,1
unchecked-conversion,17,1
uncompress,82,1
undefined,5671,11
undefined-reference,705,1
undeploy,24,2
underscore.js,4533,4
undertow,167,1
unexpectendoffile,29,1
unfuddle,37,2
unicode,16210,30
unicorn,2288,290
uniform,374,1
unikernel,14,2
uninitialized-constant,73,2
uninstall,1396,12
uninstaller,153,1
union-find,67,1
unionfs,7,5
unique,6405,4
unique-constraint,696,1
uniqueidentifier,1007,1
unison,45,1
unit-testing,41673,417
unittest2,45,1
unity-container,2884,3
unity3d,17659,27
unity3d-2dtools,294,1
